ewc_loss,kl_loss,win_rate_nobomb,win_rate_simple
[[0.00058755]],0.29787692,,
[[1.27266985e-05]],0.18971023,,
[[1.2020587e-05]],0.15290691,,
[[1.1157361e-05]],0.13008644,,
[[1.740311e-05]],0.1263297,,
[[2.3865668e-05]],0.11275096,,
[[1.5843669e-05]],0.123353206,,
[[0.00061026]],0.09399121,,
[[3.018465e-05]],0.09924006,,
[[1.487885e-05]],0.08095749,,
[[2.6064425e-05]],0.086426646,,
[[0.00037419]],0.064722516,,
[[0.00010638]],0.08074494,,
[[2.3251854e-05]],0.07551773,,
[[0.00187142]],0.070568055,,
[[4.7353886e-05]],0.07793064,,
,,0.42,0.94
[[3.2378895e-05]],0.07689155,,
[[9.083289e-05]],0.073184274,,
[[0.00050077]],0.06647018,,
[[1.9918862e-05]],0.05631903,,
[[1.9406558e-05]],0.06855894,,
[[0.00023229]],0.066363536,,
[[3.2158547e-05]],0.048660964,,
[[0.00119508]],0.08280542,,
[[2.0397969e-05]],0.059228882,,
[[5.031939e-05]],0.06700954,,
[[0.00057457]],0.0696927,,
[[0.00061871]],0.054137975,,
[[3.8340353e-05]],0.0464906,,
[[0.00017769]],0.06251602,,
[[0.00073153]],0.043456264,,
[[1.8258157e-05]],0.05880078,,
,,0.72,0.84
[[0.00025631]],0.04947391,,
[[0.00010526]],0.047064707,,
[[0.00027117]],0.044818565,,
[[8.273598e-05]],0.048610378,,
[[0.00102301]],0.057950616,,
[[0.00098721]],0.048440915,,
[[6.233883e-05]],0.041999526,,
[[1.663045e-05]],0.045825414,,
[[0.00018537]],0.0451309,,
[[0.00030632]],0.04735267,,
[[4.0905637e-05]],0.048245512,,
[[5.279254e-05]],0.04221531,,
[[8.068819e-05]],0.050617274,,
[[2.7002176e-05]],0.047470994,,
[[0.0013586]],0.042038612,,
[[3.1821233e-05]],0.054743785,,
,,0.58,0.82
[[0.0012384]],0.05414247,,
[[1.8886492e-05]],0.055515736,,
[[3.0567197e-05]],0.053130206,,
[[7.5620854e-05]],0.045405407,,
[[3.623426e-05]],0.048104078,,
[[0.00021559]],0.047273766,,
[[3.8038444e-05]],0.036470804,,
[[0.00043761]],0.04456326,,
[[6.949435e-05]],0.03858183,,
[[0.00023058]],0.044639263,,
[[0.00104748]],0.046161562,,
[[8.552872e-05]],0.06346777,,
[[0.00132128]],0.046565667,,
[[4.3696837e-05]],0.04876886,,
[[0.00034901]],0.039190046,,
[[0.00077125]],0.044886008,,
,,0.78,0.82
[[0.00062642]],0.043811407,,
[[2.4827685e-05]],0.032655098,,
[[0.00131206]],0.033825047,,
[[3.464471e-05]],0.039677136,,
[[0.00018532]],0.0413626,,
[[0.00011696]],0.038173564,,
[[8.622237e-05]],0.042605627,,
[[0.00012438]],0.048256766,,
[[4.085063e-05]],0.042151514,,
[[0.00100787]],0.037301682,,
[[4.6271325e-05]],0.04410054,,
[[0.00073647]],0.044040266,,
[[2.958564e-05]],0.04389783,,
[[0.00103289]],0.03845994,,
[[0.00016491]],0.03780153,,
[[5.13136e-05]],0.043282475,,
,,0.76,0.86
[[0.00028389]],0.038654927,,
[[1.608746e-05]],0.037911188,,
[[0.00062744]],0.038196903,,
[[7.268169e-05]],0.042265583,,
[[0.00016736]],0.043920044,,
[[4.224906e-05]],0.036888245,,
[[0.00014759]],0.030977532,,
[[0.00019574]],0.038435876,,
[[5.6992634e-05]],0.043611236,,
[[0.0005361]],0.0357172,,
[[0.00031922]],0.045030136,,
[[0.00014703]],0.041264758,,
[[6.244559e-05]],0.035209753,,
[[6.8526955e-05]],0.031103421,,
[[0.00017929]],0.03726113,,
[[0.00017242]],0.03585994,,
,,0.8,0.76
[[0.00173724]],0.04213332,,
[[5.0504503e-05]],0.04112287,,
[[2.5358791e-05]],0.033100277,,
[[0.0002155]],0.0377198,,
[[0.00016844]],0.033808433,,
[[7.278027e-05]],0.033297867,,
[[0.00331271]],0.036083303,,
[[3.8024435e-05]],0.038389083,,
[[2.35838e-05]],0.04630351,,
[[6.0684375e-05]],0.028210444,,
[[6.355778e-05]],0.035858385,,
[[0.00012678]],0.034134403,,
[[3.674456e-05]],0.036173902,,
[[4.845245e-05]],0.04115227,,
[[1.7201231e-05]],0.03474206,,
[[0.00019093]],0.032258764,,
,,0.94,0.86
[[2.3769438e-05]],0.037372056,,
[[7.088842e-05]],0.042151116,,
[[0.00039027]],0.035757866,,
[[4.324234e-05]],0.046099488,,
[[2.4984798e-05]],0.03038539,,
[[7.0153255e-05]],0.034958873,,
[[0.00025457]],0.04263277,,
[[3.16439e-05]],0.038771328,,
[[3.9698425e-05]],0.044503585,,
[[0.00020222]],0.037893027,,
[[4.674975e-05]],0.028575571,,
[[0.00092337]],0.03271211,,
[[1.6724905e-05]],0.03266449,,
[[0.00129404]],0.036974017,,
[[2.7906834e-05]],0.030172635,,
[[0.00097809]],0.033319,,
,,0.74,0.9
[[2.886974e-05]],0.039777473,,
[[0.00075759]],0.035132542,,
[[1.5826052e-05]],0.027491784,,
[[0.00025674]],0.03306582,,
[[2.1652437e-05]],0.02974576,,
[[1.4186622e-05]],0.030557409,,
[[0.00013447]],0.0332463,,
[[0.0003048]],0.034315303,,
[[9.951573e-05]],0.030673975,,
[[4.164681e-05]],0.03814268,,
[[0.00068091]],0.036864873,,
[[0.00037202]],0.036951285,,
[[3.0190722e-05]],0.04148034,,
[[0.00017046]],0.02999803,,
[[6.219174e-05]],0.029787261,,
[[0.00012884]],0.038114235,,
,,0.86,0.76
[[9.0760164e-05]],0.035985183,,
[[0.00024906]],0.03058501,,
[[2.7696637e-05]],0.031852476,,
[[0.00014927]],0.03687022,,
[[1.909749e-05]],0.03504564,,
[[0.00010725]],0.02794133,,
[[1.775382e-05]],0.035694517,,
[[0.00031216]],0.037032977,,
[[3.4948363e-05]],0.0317406,,
[[7.4367905e-05]],0.03197961,,
[[6.8700305e-05]],0.031086225,,
[[0.00035974]],0.02892844,,
[[0.00033946]],0.02927059,,
[[7.892179e-05]],0.036076073,,
[[0.000661]],0.03516467,,
[[0.00018717]],0.027016386,,
,,0.86,0.78
[[4.749722e-05]],0.036073364,,
[[0.000379]],0.035150636,,
[[3.915118e-05]],0.028703017,,
[[0.00012801]],0.03383623,,
[[8.9739864e-05]],0.032285187,,
[[0.0003426]],0.035779666,,
[[2.9275003e-05]],0.03250387,,
[[0.00015322]],0.031448685,,
[[8.248198e-05]],0.029472101,,
[[0.00051798]],0.028650977,,
[[0.00013111]],0.033128515,,
[[4.6178433e-05]],0.03232841,,
[[0.00011992]],0.036109447,,
[[0.00066184]],0.034446687,,
[[1.785014e-05]],0.031854797,,
[[0.00030236]],0.03279439,,
,,0.84,0.88
[[2.527923e-05]],0.03559102,,
[[0.00077428]],0.030315593,,
[[2.095363e-05]],0.032138392,,
[[0.0002493]],0.032677963,,
[[3.4103286e-05]],0.032856517,,
[[8.176797e-05]],0.03424615,,
[[7.9384175e-05]],0.035427265,,
[[8.841173e-05]],0.028761948,,
[[7.925409e-05]],0.02694948,,
[[9.63892e-05]],0.040571857,,
[[0.00113647]],0.031599354,,
[[0.00023427]],0.027592614,,
[[8.484231e-05]],0.02943702,,
[[0.00012456]],0.027513837,,
[[0.00025508]],0.04120495,,
[[8.350551e-05]],0.03220983,,
,,0.84,0.86
[[1.2345698e-05]],0.03059026,,
[[0.00063621]],0.023950439,,
[[3.5957226e-05]],0.03488138,,
[[2.8016277e-05]],0.025318563,,
[[0.0022949]],0.029232876,,
[[3.1413943e-05]],0.029943885,,
[[0.00267353]],0.034654237,,
[[0.00017645]],0.0301272,,
[[2.03384e-05]],0.035929326,,
[[3.2793672e-05]],0.034248795,,
[[9.532288e-05]],0.042014122,,
[[2.91692e-05]],0.03460012,,
[[0.00059759]],0.02883652,,
[[1.760156e-05]],0.029872531,,
[[0.00081889]],0.027008915,,
[[1.6322327e-05]],0.030805927,,
,,0.82,0.8
[[1.9378833e-05]],0.027606294,,
[[0.00024489]],0.03391786,,
[[3.7143152e-05]],0.027374828,,
[[0.00015137]],0.032970116,,
[[0.00046511]],0.029585253,,
[[2.1011088e-05]],0.037605133,,
[[0.0001099]],0.02961396,,
[[0.00118935]],0.030295108,,
[[1.869873e-05]],0.031227257,,
[[0.00062381]],0.029031342,,
[[4.5123204e-05]],0.030523531,,
[[4.5331268e-05]],0.029086076,,
[[0.00044371]],0.03254272,,
[[0.00077642]],0.032801136,,
[[4.6987945e-05]],0.04389594,,
[[4.9813e-05]],0.03326568,,
,,0.84,0.86
[[0.00140504]],0.026578037,,
[[3.9085808e-05]],0.032547507,,
[[5.9016547e-05]],0.0297981,,
[[4.3228654e-05]],0.040152393,,
[[0.00036139]],0.026703384,,
[[3.915769e-05]],0.03176717,,
[[0.00019619]],0.03301861,,
[[2.1609723e-05]],0.034190666,,
[[9.274618e-05]],0.030894738,,
[[1.452016e-05]],0.025044782,,
[[0.00040388]],0.031462252,,
[[6.8985486e-05]],0.02539417,,
[[0.00026926]],0.03447147,,
[[3.7059537e-05]],0.030194808,,
[[8.358759e-05]],0.029657379,,
[[0.00025559]],0.033569917,,
,,0.88,0.76
[[6.178298e-05]],0.026500871,,
[[7.6838456e-05]],0.027305532,,
[[0.00043231]],0.029127562,,
[[9.3930255e-05]],0.03580627,,
[[4.6691606e-05]],0.034482572,,
[[0.00011409]],0.027396474,,
[[9.074473e-05]],0.023775637,,
[[3.8585782e-05]],0.032893397,,
[[0.00014952]],0.029121356,,
[[1.6940096e-05]],0.030002953,,
[[0.0009914]],0.031908453,,
[[2.6423597e-05]],0.026487816,,
[[0.00148533]],0.030344047,,
[[2.7482816e-05]],0.026347112,,
[[3.0778036e-05]],0.024727412,,
[[9.348454e-05]],0.027135111,,
,,0.84,0.82
[[1.986944e-05]],0.028372852,,
[[0.00043734]],0.023613255,,
[[0.00054121]],0.029839616,,
[[4.1950927e-05]],0.028782807,,
[[1.3653109e-05]],0.029055187,,
[[0.00010539]],0.025365619,,
[[0.00112281]],0.03268116,,
[[3.3076994e-05]],0.038948685,,
[[0.00024819]],0.035898536,,
[[6.1895254e-05]],0.036379013,,
[[0.00112938]],0.030630935,,
[[2.3655746e-05]],0.027284153,,
[[2.884883e-05]],0.029678907,,
[[0.00011509]],0.031871464,,
[[0.00012108]],0.027288027,,
[[1.6266662e-05]],0.028783208,,
,,0.78,0.72
[[0.00131895]],0.026678434,,
[[1.858911e-05]],0.029346742,,
[[0.00012686]],0.032822862,,
[[0.00011376]],0.028895939,,
[[0.001036]],0.030618167,,
[[2.3904333e-05]],0.026398014,,
[[0.00157359]],0.02725257,,
[[3.3111333e-05]],0.024864066,,
[[1.6113985e-05]],0.025383865,,
[[0.00010465]],0.024283066,,
[[0.00063074]],0.02481126,,
[[0.0001176]],0.027710333,,
[[6.7317276e-05]],0.029784577,,
[[5.5958204e-05]],0.03561621,,
[[6.825136e-05]],0.026751187,,
[[0.00018157]],0.0313928,,
,,0.88,0.78
[[4.6864607e-05]],0.024830315,,
[[8.326956e-05]],0.02712982,,
[[0.0002091]],0.029724123,,
[[9.045705e-05]],0.03041861,,
[[6.9232745e-05]],0.025915973,,
[[0.00010531]],0.029694075,,
[[0.00030306]],0.026032131,,
[[0.00043742]],0.028038042,,
[[0.00016729]],0.029790854,,
[[0.00010466]],0.03101958,,
[[8.1825034e-05]],0.027173627,,
[[7.067441e-05]],0.031971227,,
[[0.0002726]],0.030594844,,
[[3.1262363e-05]],0.026987713,,
[[0.0003355]],0.025058327,,
[[0.00010565]],0.02939382,,
,,0.86,0.8
[[0.00070818]],0.02622471,,
[[2.1270838e-05]],0.0300385,,
[[0.00031722]],0.027769865,,
[[0.00041484]],0.02271099,,
[[7.3190415e-05]],0.026438992,,
[[0.00013147]],0.02796474,,
[[3.697561e-05]],0.02726038,,
[[0.000379]],0.033237893,,
[[4.4007207e-05]],0.02494245,,
[[6.9162226e-05]],0.02784513,,
[[0.00015552]],0.033129387,,
[[8.509313e-05]],0.029657686,,
[[0.00035802]],0.035798058,,
[[0.00164925]],0.029633174,,
[[0.00037363]],0.028574567,,
[[3.52999e-05]],0.025132816,,
,,0.84,0.92
[[0.00012984]],0.025907578,,
[[0.00020434]],0.02759576,,
[[0.00057128]],0.02574321,,
[[5.5897923e-05]],0.024548307,,
[[0.00051691]],0.029247487,,
[[9.763909e-05]],0.02698011,,
[[1.227496e-05]],0.031781662,,
[[0.00036345]],0.037254013,,
[[5.47071e-05]],0.029813332,,
[[5.1476836e-05]],0.027619177,,
[[0.00024265]],0.0253251,,
[[0.00024823]],0.025821926,,
[[6.376242e-05]],0.033821333,,
[[2.7236109e-05]],0.027535884,,
[[0.00018385]],0.02778382,,
[[7.956665e-05]],0.031077608,,
,,0.8,0.76
[[0.00022201]],0.029530775,,
[[5.7213136e-05]],0.036334474,,
[[0.00016809]],0.031631123,,
[[2.1657988e-05]],0.027668834,,
[[0.00022837]],0.029976232,,
[[2.8130748e-05]],0.032413177,,
[[0.00081476]],0.02708543,,
[[0.00013925]],0.028727202,,
[[0.0004683]],0.027934847,,
[[1.555786e-05]],0.027932541,,
[[0.00092402]],0.028551295,,
[[6.0194074e-05]],0.039417982,,
[[7.1027585e-05]],0.03223038,,
[[3.1152136e-05]],0.028009165,,
[[6.743728e-05]],0.032671258,,
[[0.00151378]],0.030041073,,
,,0.88,0.84
[[0.00016697]],0.026844189,,
[[0.00014265]],0.03133467,,
[[0.00091317]],0.032755,,
[[2.5251433e-05]],0.029028134,,
[[0.0015758]],0.02564599,,
[[2.6601308e-05]],0.02298105,,
[[0.00095653]],0.035378627,,
[[0.00019225]],0.034845654,,
[[2.8881355e-05]],0.024223657,,
[[0.00105078]],0.027341947,,
[[0.00050768]],0.03218912,,
[[0.00036444]],0.029109597,,
[[1.8231824e-05]],0.023688128,,
[[0.00010508]],0.03175318,,
[[0.00018811]],0.029692076,,
[[4.479552e-05]],0.022179296,,
,,0.9,0.84
[[5.150112e-05]],0.025244944,,
[[0.00050534]],0.032618012,,
[[1.7359655e-05]],0.027832331,,
[[0.00016649]],0.025883999,,
[[0.00016325]],0.02768233,,
[[5.5124834e-05]],0.028624225,,
[[0.00056223]],0.026766496,,
[[0.00023946]],0.032997612,,
[[0.00022319]],0.029426012,,
[[8.2850245e-05]],0.02635896,,
[[0.00035304]],0.030274,,
[[0.00022996]],0.029310703,,
[[0.00015102]],0.02729828,,
[[4.4674773e-05]],0.028979773,,
[[7.790178e-05]],0.029674053,,
[[3.0781415e-05]],0.025903584,,
,,0.82,0.74
[[0.00037726]],0.028701248,,
[[3.329369e-05]],0.027801473,,
[[0.00026965]],0.024752703,,
[[0.00013348]],0.026173305,,
[[0.00277507]],0.032708153,,
[[0.00017737]],0.025927907,,
[[1.5142536e-05]],0.029301507,,
[[0.00017953]],0.023128875,,
[[0.00149988]],0.028903952,,
[[1.8022516e-05]],0.02927082,,
[[0.00184273]],0.027414655,,
[[0.00024922]],0.027010944,,
[[1.2985289e-05]],0.031640492,,
[[0.0005036]],0.02621538,,
[[0.00033028]],0.026480265,,
[[0.0001256]],0.028958965,,
,,0.84,0.78
[[1.9318271e-05]],0.029227931,,
[[3.9324408e-05]],0.02303902,,
[[0.00013094]],0.026197452,,
[[1.7446138e-05]],0.02600249,,
[[0.00036503]],0.024813585,,
[[1.6280896e-05]],0.02475184,,
[[0.00030307]],0.028224848,,
[[2.4541552e-05]],0.02917906,,
[[1.3268742e-05]],0.0267103,,
[[0.00010177]],0.027909838,,
[[8.254253e-05]],0.02363373,,
[[0.00027392]],0.029968929,,
[[0.00065173]],0.023866808,,
[[0.00024495]],0.027148359,,
[[0.00017369]],0.024060598,,
[[2.1878277e-05]],0.03383782,,
,,0.88,0.88
[[0.00014097]],0.032771986,,
[[0.00182344]],0.022415373,,
[[2.295774e-05]],0.025890931,,
[[0.00013993]],0.026386064,,
[[0.00012442]],0.029421527,,
[[0.00040818]],0.033550613,,
[[0.00015509]],0.024509793,,
[[0.00167464]],0.027166374,,
[[2.5808282e-05]],0.029393971,,
[[0.00021667]],0.02703393,,
[[0.0001334]],0.027351951,,
[[3.3983724e-05]],0.03413906,,
[[0.00024859]],0.0313847,,
[[8.743867e-05]],0.035039183,,
[[5.0585255e-05]],0.030867193,,
[[0.00042496]],0.027619118,,
,,0.92,0.8
[[4.8439008e-05]],0.026805894,,
[[0.00011916]],0.02606539,,
[[0.00024581]],0.03455536,,
[[0.00087561]],0.022310207,,
[[3.832443e-05]],0.027173614,,
[[0.00011541]],0.03036297,,
[[0.00017696]],0.028313141,,
[[5.43081e-05]],0.027650274,,
[[0.00048918]],0.026575584,,
[[1.7999677e-05]],0.027304621,,
[[9.697705e-05]],0.027266061,,
[[6.764066e-05]],0.028490346,,
[[0.00142549]],0.023652477,,
[[0.0003388]],0.032446846,,
[[4.2329328e-05]],0.03204988,,
[[1.6627102e-05]],0.02517078,,
,,0.84,0.8
[[0.00014647]],0.025809586,,
[[2.4513276e-05]],0.030470777,,
[[0.00023585]],0.029595446,,
[[3.341149e-05]],0.028927574,,
[[0.00025317]],0.021486163,,
[[2.2816603e-05]],0.026894363,,
[[5.0784183e-05]],0.026260393,,
[[0.00024729]],0.02488225,,
[[2.0835723e-05]],0.03216018,,
[[0.00222851]],0.027526708,,
[[2.3013898e-05]],0.024314279,,
[[0.00090415]],0.022601359,,
[[3.640417e-05]],0.024018755,,
[[0.00062642]],0.025287475,,
[[6.613222e-05]],0.0314818,,
[[1.7081144e-05]],0.030342594,,
,,0.88,0.76
[[4.8361253e-05]],0.02894011,,
[[2.970055e-05]],0.026794324,,
[[0.00023914]],0.02735735,,
[[0.00022855]],0.029192893,,
[[2.3702756e-05]],0.032248195,,
[[0.00075858]],0.029121237,,
[[4.8362213e-05]],0.03384801,,
[[1.3580242e-05]],0.027903514,,
[[0.00022774]],0.024747789,,
[[0.00092107]],0.0296071,,
[[6.3592e-05]],0.02814856,,
[[3.0027364e-05]],0.029359037,,
[[0.00064223]],0.024437668,,
[[2.386752e-05]],0.028571207,,
[[0.00073094]],0.029739425,,
[[0.00016981]],0.037816394,,
,,0.9,0.66
[[0.00013832]],0.023188602,,
[[0.00035647]],0.027554335,,
[[0.00013339]],0.026230546,,
[[1.29051095e-05]],0.024582345,,
[[0.00046201]],0.023562945,,
[[0.00112623]],0.022549545,,
[[0.00050111]],0.03229627,,
[[0.00146552]],0.025082434,,
[[1.2302762e-05]],0.023091957,,
[[1.9067535e-05]],0.02942861,,
[[0.00168387]],0.025090411,,
[[1.5749472e-05]],0.023669846,,
[[0.00132844]],0.020574367,,
[[1.4401297e-05]],0.03357877,,
[[4.73873e-05]],0.027107792,,
[[0.00010959]],0.025377844,,
,,0.8,0.78
[[7.09679e-05]],0.028565194,,
[[2.225778e-05]],0.024904583,,
[[2.1781238e-05]],0.03233897,,
[[3.0259935e-05]],0.033211756,,
[[6.23779e-05]],0.026704174,,
[[5.1184335e-05]],0.024934255,,
[[0.00011967]],0.027443288,,
[[5.0204624e-05]],0.031291235,,
[[0.00012393]],0.029633274,,
[[2.324962e-05]],0.027704144,,
[[0.00015562]],0.024478633,,
[[0.00010845]],0.028069835,,
[[0.00010318]],0.026519632,,
[[4.1836644e-05]],0.02360142,,
[[0.00030993]],0.029928686,,
[[3.3708486e-05]],0.026790502,,
,,0.86,0.8
[[0.00018134]],0.024982471,,
[[3.0221596e-05]],0.030466933,,
[[0.00010668]],0.021298794,,
[[0.00030287]],0.027391613,,
[[3.2509677e-05]],0.024819244,,
[[0.00266705]],0.026576053,,
[[0.00011691]],0.021322394,,
[[6.752918e-05]],0.02275909,,
[[0.00029538]],0.027622506,,
[[2.5816269e-05]],0.028085621,,
[[0.00014375]],0.03368689,,
[[1.7253173e-05]],0.03327586,,
[[0.00018711]],0.023386626,,
[[3.661467e-05]],0.028086083,,
[[0.00016201]],0.031793576,,
[[0.00017885]],0.024142306,,
,,0.92,0.72
[[3.4801164e-05]],0.022891885,,
[[0.00021305]],0.023960413,,
[[0.00012531]],0.022340488,,
[[0.00014067]],0.026558664,,
[[0.00081926]],0.031891055,,
[[0.00071419]],0.028117241,,
[[0.00037814]],0.022379858,,
[[0.00034111]],0.029616112,,
[[0.00093399]],0.02458786,,
[[0.00010013]],0.02661906,,
[[5.461543e-05]],0.027699264,,
[[6.460467e-05]],0.028539216,,
[[4.0932653e-05]],0.021928804,,
[[8.158596e-05]],0.027333729,,
[[0.00065288]],0.028758183,,
[[0.00205055]],0.023344886,,
,,0.94,0.82
[[5.337028e-05]],0.023244593,,
[[0.00036692]],0.021794781,,
[[2.2351194e-05]],0.02327224,,
[[8.2020364e-05]],0.024574962,,
[[0.00025184]],0.029309135,,
[[9.8453216e-05]],0.029307658,,
[[0.00043785]],0.021834925,,
[[0.00021796]],0.02667917,,
[[3.2182597e-05]],0.025861464,,
[[0.00104573]],0.025549974,,
[[2.3614897e-05]],0.0320528,,
[[0.00028047]],0.027415568,,
[[5.4048596e-05]],0.025356963,,
[[3.458779e-05]],0.028548371,,
[[0.00075595]],0.023916306,,
[[0.00046406]],0.02610045,,
,,0.92,0.8
[[0.00028152]],0.028425304,,
[[2.641761e-05]],0.027042305,,
[[0.00059609]],0.02460417,,
[[1.358957e-05]],0.027548362,,
[[0.00041018]],0.03193579,,
[[0.0002433]],0.028974198,,
[[9.986302e-05]],0.024410088,,
[[0.00190391]],0.024778748,,
[[0.00014483]],0.028223483,,
[[5.0657847e-05]],0.023849709,,
[[5.7420442e-05]],0.032510832,,
[[9.523441e-05]],0.023194373,,
[[1.5923051e-05]],0.028380776,,
[[0.00012444]],0.027452182,,
[[0.0004053]],0.027850486,,
[[0.00016162]],0.029045336,,
,,0.94,0.82
[[2.1651591e-05]],0.02436872,,
[[0.00011039]],0.025844397,,
[[0.00250031]],0.02822154,,
[[0.00014202]],0.02689899,,
[[1.26559935e-05]],0.026673412,,
[[9.716531e-05]],0.02903119,,
[[5.2768424e-05]],0.02824992,,
[[0.00014856]],0.02676854,,
[[0.00019592]],0.023755856,,
[[5.5914654e-05]],0.027419029,,
[[4.4144086e-05]],0.025623595,,
[[0.0001936]],0.032465335,,
[[0.00179576]],0.025896234,,
[[0.00034764]],0.024767246,,
[[0.00014577]],0.02438065,,
[[2.8268745e-05]],0.02485378,,
,,0.92,0.8
[[0.00027605]],0.021062816,,
[[3.4303022e-05]],0.024131041,,
[[0.00024979]],0.021739645,,
[[3.484173e-05]],0.029246118,,
[[0.00014754]],0.028866187,,
[[0.00114258]],0.019422498,,
[[4.5190918e-05]],0.030878734,,
[[0.00119425]],0.025578074,,
[[0.00011684]],0.021430967,,
[[0.0003574]],0.028115,,
[[3.9079496e-05]],0.020082744,,
[[0.00034397]],0.023027912,,
[[6.1921724e-05]],0.024742251,,
[[0.00080485]],0.030479804,,
[[1.785727e-05]],0.033583276,,
[[0.00015008]],0.025990557,,
,,0.76,0.7
[[0.00103315]],0.023135133,,
[[5.692333e-05]],0.024275864,,
[[0.00010291]],0.022141032,,
[[3.9529463e-05]],0.030547118,,
[[2.4328094e-05]],0.02859493,,
[[0.00015583]],0.024247462,,
[[7.191664e-05]],0.026206655,,
[[0.00030991]],0.027856018,,
[[0.00063188]],0.02685244,,
[[3.8423874e-05]],0.02578096,,
[[0.00026478]],0.026224852,,
[[0.00040318]],0.022938423,,
[[0.00015458]],0.025055373,,
[[0.00016044]],0.027934866,,
[[6.2243125e-05]],0.027542543,,
[[0.00037517]],0.024291398,,
,,0.94,0.76
[[0.00027847]],0.027789515,,
[[1.729356e-05]],0.027557077,,
[[5.62319e-05]],0.027121935,,
[[0.00032856]],0.026444437,,
[[1.5446543e-05]],0.026225084,,
[[0.00072717]],0.030643975,,
[[2.5374253e-05]],0.022126418,,
[[9.078372e-05]],0.02462312,,
[[5.047454e-05]],0.023766765,,
[[0.00020018]],0.02382528,,
[[1.4144112e-05]],0.021261273,,
[[0.00013766]],0.028375754,,
[[0.00040778]],0.025870869,,
[[4.5557626e-05]],0.02464325,,
[[0.00025219]],0.02522975,,
[[0.00015999]],0.031507008,,
,,0.94,0.8
[[7.767481e-05]],0.027889684,,
[[0.0001017]],0.019042311,,
[[6.958403e-05]],0.030342827,,
[[0.00020541]],0.023165734,,
[[4.025148e-05]],0.028014617,,
[[0.00147138]],0.026081016,,
[[4.6538913e-05]],0.029760394,,
[[8.281894e-05]],0.024757778,,
[[6.185604e-05]],0.02650455,,
[[6.915457e-05]],0.027379198,,
[[0.000222]],0.026495125,,
[[0.0002324]],0.018970808,,
[[2.686167e-05]],0.030696921,,
[[8.259987e-05]],0.025142528,,
[[6.548412e-05]],0.023371723,,
[[0.00165225]],0.026648527,,
,,0.88,0.9
[[0.0001632]],0.023734536,,
[[0.00093687]],0.026879983,,
[[0.00016108]],0.028215598,,
[[8.057024e-05]],0.029918728,,
[[0.00017197]],0.03441864,,
[[8.4056875e-05]],0.020614073,,
[[0.00083253]],0.022801494,,
[[2.0647954e-05]],0.023547959,,
[[0.00112983]],0.030548252,,
[[1.525961e-05]],0.029078975,,
[[0.00040767]],0.027228508,,
[[1.2270331e-05]],0.02827187,,
[[1.9761377e-05]],0.025203861,,
[[0.00057733]],0.030212302,,
[[1.7415035e-05]],0.031965047,,
[[0.00085411]],0.03061202,,
,,0.96,0.7
[[0.00013953]],0.02493092,,
[[0.00054709]],0.023902535,,
[[4.8668324e-05]],0.02534971,,
[[2.8928838e-05]],0.025381941,,
[[0.0014483]],0.026623923,,
[[4.6006215e-05]],0.027500357,,
[[3.3957545e-05]],0.02446853,,
[[0.0002278]],0.032754563,,
[[4.5734247e-05]],0.023744158,,
[[0.00020369]],0.02572339,,
[[6.487584e-05]],0.027601566,,
[[3.9997525e-05]],0.02526756,,
[[0.00028938]],0.023253268,,
[[3.6571677e-05]],0.029702254,,
[[8.47621e-05]],0.026262647,,
[[0.00152036]],0.026541509,,
,,0.92,0.88
[[3.8063325e-05]],0.026130209,,
[[2.2586933e-05]],0.028990632,,
[[0.00071818]],0.023087626,,
[[0.00048363]],0.028251054,,
[[0.00048079]],0.02166171,,
[[2.9604918e-05]],0.022855872,,
[[0.00025028]],0.021181507,,
[[2.321809e-05]],0.0314881,,
[[0.00102994]],0.027912522,,
[[0.00023628]],0.029570308,,
[[9.053222e-05]],0.019659925,,
[[0.00023827]],0.022663627,,
[[0.00119414]],0.030666701,,
[[0.00010306]],0.024329409,,
[[0.00150874]],0.028473021,,
[[2.8532313e-05]],0.027481854,,
,,0.94,0.7
[[0.00012778]],0.024427297,,
[[0.00072761]],0.02775713,,
[[0.00023326]],0.0258988,,
[[1.8594745e-05]],0.028082745,,
[[2.243754e-05]],0.022182718,,
[[7.264597e-05]],0.022100942,,
[[3.8649614e-05]],0.024196733,,
[[0.00011782]],0.024633253,,
[[0.0008749]],0.023766559,,
[[0.00052352]],0.028700735,,
[[0.00054096]],0.026338356,,
[[1.5386428e-05]],0.022520278,,
[[0.00011862]],0.020740312,,
[[0.00186899]],0.021488344,,
[[2.6140062e-05]],0.029641876,,
[[0.00066028]],0.033807326,,
,,0.9,0.76
[[0.00105503]],0.021884073,,
[[1.3325277e-05]],0.024072818,,
[[0.0004203]],0.026057798,,
[[6.449196e-05]],0.022233706,,
[[0.00011935]],0.027411489,,
[[8.025666e-05]],0.022894926,,
[[0.0001592]],0.029492404,,
[[4.9421094e-05]],0.022843128,,
[[0.00010242]],0.025806714,,
[[0.00019801]],0.02971644,,
[[0.00038211]],0.022705732,,
[[0.0006315]],0.025057416,,
[[2.1072516e-05]],0.02154272,,
[[0.00014208]],0.030906327,,
[[0.000509]],0.026873128,,
[[5.6063982e-05]],0.024913743,,
,,0.82,0.84
[[0.00032052]],0.030482648,,
[[0.00018856]],0.021780074,,
[[0.0001505]],0.027135178,,
[[0.00023955]],0.02951537,,
[[4.2327756e-05]],0.023274565,,
[[3.88535e-05]],0.026179189,,
[[0.00043419]],0.027472412,,
[[3.7337402e-05]],0.026998973,,
[[0.00121676]],0.02779178,,
[[0.00025847]],0.026078103,,
[[0.00025682]],0.027339285,,
[[0.00051182]],0.022679403,,
[[0.00110935]],0.028125659,,
[[0.00066303]],0.022977062,,
[[5.4928878e-05]],0.026839416,,
[[0.00022109]],0.024360871,,
,,0.8,0.78
[[0.00028983]],0.021768743,,
[[3.476803e-05]],0.027166162,,
[[0.00080451]],0.03020721,,
[[0.00028574]],0.026698,,
[[0.00014999]],0.022189703,,
[[0.00020031]],0.024254976,,
[[1.542785e-05]],0.02377724,,
[[0.00057042]],0.026475975,,
[[8.173542e-05]],0.02753338,,
[[3.749679e-05]],0.02148011,,
[[0.00162844]],0.02288768,,
[[4.3222946e-05]],0.027360845,,
[[0.00040374]],0.024417859,,
[[1.605114e-05]],0.023480179,,
[[0.00017114]],0.024765482,,
[[8.7387154e-05]],0.025045583,,
,,0.92,0.76
[[0.0027104]],0.029039389,,
[[7.505222e-05]],0.032661654,,
[[0.00011989]],0.030884124,,
[[4.0595667e-05]],0.024640208,,
[[4.378504e-05]],0.030192638,,
[[4.1980584e-05]],0.022985484,,
[[0.00021726]],0.026698845,,
[[5.288467e-05]],0.022954097,,
[[0.00011549]],0.021648755,,
[[0.00056599]],0.02527558,,
[[6.680807e-05]],0.023035042,,
[[0.00023297]],0.027091173,,
[[0.00068778]],0.028968494,,
[[4.5405362e-05]],0.022360396,,
[[0.00024769]],0.024097202,,
[[6.326206e-05]],0.026814869,,
,,0.86,0.72
[[0.00360897]],0.023306897,,
[[6.6003624e-05]],0.027824154,,
[[1.8508845e-05]],0.02350047,,
[[0.0002221]],0.022079943,,
[[1.968463e-05]],0.024353705,,
[[2.4526518e-05]],0.02014712,,
[[2.8770542e-05]],0.024286693,,
[[0.00068524]],0.023155851,,
[[6.6207765e-05]],0.024316687,,
[[0.00146344]],0.027764756,,
[[2.5911982e-05]],0.019897778,,
[[0.0007789]],0.028672071,,
[[1.6631115e-05]],0.024969628,,
[[0.00049791]],0.023082878,,
[[0.00012611]],0.02745003,,
[[4.249559e-05]],0.029930139,,
,,0.86,0.76
